--tund 1 03.03.2025
--loome db
create database TARpe24SQL

-- db valimine 
use TARpe24SQL

-- db kustutamine
drop database TARpe24SQL

-- tabeli loomine
create table Gender
(
Id int not null primary key,
Gender nvarchar(10) not null
)

--andmete sisestamine
insert into Gender (Id, Gender)
values (2, 'Male')
insert into Gender (Id, Gender)
values (1, 'Female')
insert into Gender (Id, Gender)
values (3, 'Unknown')

-- vaatame tabeli sisu
select * from Gender

-- teeme tabeli Person
create table Person
(
Id int not null primary key,
Name nvarchar(30),
Email nvarchar(30),
GenderId int
)

--andmete sisestamine
insert into Person (Id, Name, Email, GenderId)
values (1, 'Superman', 's@s.com', 2)
insert into Person (Id, Name, Email, GenderId)
values (2, 'Wonderwoman', 'w@w.com', 1),
(3, 'Batman', 'b@b.com', 2),
(4, 'Aquaman', 'a@a.com', 2),
(5, 'Catwoman', 'c@c.com', 1),
(6, 'Antman', 'ant"ant.com', 2),
(7, 'Spiderman', 'spider@s.com', 2),
(9, NULL, NULL, 2)

--soovime vaadata Person tabeli andmeid
select * from Person

--võõrvõtme ühenduse loomine kahe tabeli vahel
alter table Person add constraint tblPerson_GenderId_FK
foreign key (GenderId) references Gender(Id)

-- kui sisestad uue rea andmeid ja ei ele sisestanud GenderId alla väärtust,
-- siis see automaatselt sisestab sellele reale väärtuse 3 e nagu meil
-- on unknown
alter table Person
add constraint DF_Persons_GenderId
default 3 for GenderId

--
insert into Person (Id, Name, Email)
values (11, 'Kalevipoeg', 'k@k.com')

-- piirangu kustutamine
alter table person
drop constraint DF_Persons_GenderId

-- lisame uue veeru
alter table Person
add Age nvarchar(10)

--lisame nr piirangu vanuse sisestamisel
alter table Person
add constraint CK_Person_Age check (Age > 0 and Age < 155)

--kustutame rea
delete from Person where Id = 11

select * from Person

--kuidas uuendada andmeid
update Person
set Age = 50
where Id = 4


alter table Person
add City nvarchar(50)

--k]ik, kes elavad Gothami linnas
select * from Person where City = 'Gotham'
--k]ik, kes ei ela Gothamis
select * from Person where City != 'Gotham'
--variant nr 2
select * from Person where City <> 'Gotham'

-- n'itab teatud vanusega inimesi
select * from Person where Age = 100 or Age = 35 or Age = 27
select * from Person where Age in (100, 35, 25)

-- n'itab teatud vanusevahemikus olevaid inimesi
select * from Person where Age between 22 and 50

-- wildcard e näitab kõik g-tähega linnad
select * from Person where City like 'g%'
-- k]ik emailid, kus on @-märk emailis
select * from Person where Email like '%@%'

--näitab kõiki, kellel ei ole @-märki emailis
select * from Person where Email not like '%@%'

--tund 2 07.03.2025

--näitab, kellel on emailis ees ja peale @-märki ainult üks täht
select * from Person where Email like '_@_.com'

--kõik, kellel on nimes täht W, A, S
select * from Person where Name like '[^WAS]%'
select * from Person

--kes elavad Gothamis ja New Yorkis
select * from Person where City = 'Gotham' or City = 'New York'

--- kõik, kes elavad Gothami ja New Yorki linnas ja on vanemad, kui 29
select * from Person where (City = 'Gotham' or City = 'New York') and Age >=30

--kuvab tähestikulises järjekorras inimesi ja võtab auseks nime
select * from Person order by Name
--sama päring, aga vastupidises järjestuses on nimed
select * from Person order by Name desc

-- võtab kolm esimest rida
select top 3 * from Person

--kolm esimest, aga tabeli järjestus on Age ja siis Name
select top 3 Age, Name from Person

--näitab esimesed 50% tabelis
select top 50 percent * from Person

--järjestab vanuse järgi isikud
select * from Person order by Age desc

-- muudab Age muutuja intiks ja näitab vanuselises järjestuses
select * from Person order by cast(Age as int)

--kõikide isikute koondvanus
select sum(cast(Age as int)) from Person

-- kuvab kõige nooremat isikut
select min(cast(Age as int)) from Person
-- kuvab kõige vanemat isikut
select max(cast(Age as int)) from Person

-- konkreetsetes linnades olevate isikute koondvanus
-- enne oli Age nvarchar, aga muudame selle int andmetüübiks
select City, sum(Age) as totalAge from Person group by City

-- kuidas saab koodiga muuta andmetüüpi ja selle pikkust
alter table Person
alter column Name nvarchar(25)

--kuvab esimeses reas välja toodud järjestuses ja kuvab Age TotalAge-ks
-- järjestab City-s olevate nimede järgi ja siis GenderId järgi
select City, GenderId, sum(Age) as TotalAge from Person
group by City, GenderId order by City

--näitab ridade arvu tabelis
select count(*) from Person
select * from Person

--näitab tulemust, et mitu inimest on genderId väärtusega 2 konkreetses linnas
-- arvutab vanuse kokku selles linnas
select GenderId, City, sum(Age) as TotalAge, count(Id) as [Total Person(s)]
from Person
where GenderId = '2'
group by GenderId, City

--- loome, tabelid Employees ja Department

create table Department
(
Id int primary key,
DepartmentName nvarchar(50),
Location nvarchar(50),
DepartmentHead nvarchar(50)
)

create table Employees
(
Id int primary key,
Name nvarchar(50),
Gender nvarchar(50),
Salary nvarchar(50),
DepartmentId int
)

--rida 208
-- 3tund 10.03.2025

--andmete sisestamine Employees tabelisse
insert into Employees (Id, Name, Gender, Salary, DepartmentId)
values (1, 'Tom', 'Male', 4000, 1),
(2, 'Pam', 'Female', 3000, 3),
(3, 'John', 'Male', 3500, 1),
(4, 'Sam', 'Male', 4500, 2),
(5, 'Todd', 'Male', 2800, 2),
(6, 'Ben', 'Male', 7000, 1),
(7, 'Sara', 'Female', 4800, 3),
(8, 'Valarie', 'Female', 5500, 1),
(9, 'James', 'Male', 6500, NULL),
(10, 'Russell', 'Male', 8800, NULL)

--andmete sisestamine Department tabelisse
insert into Department(Id, DepartmentName, Location, DepartmentHead)
values 
(1, 'IT', 'London', 'Rick'),
(2, 'Payroll', 'Delhi', 'Ron'),
(3, 'HR', 'New York', 'Christie'),
(4, 'Other Department', 'Sydney', 'Cindrella')

--tabeli andmete vaatamine
select * from Employees
select * from Department

-- teeme left join päringu
select Name, Gender, Salary, DepartmentName
from Employees
left join Department
on Employees.DepartmentId = Department.Id

--arvutab kõikide palgad kokku
select sum(cast(Salary as int)) from Employees
-- tahame teada saada min palga saajat
select min(cast(Salary as int)) from Employees

select Location, sum(cast(Salary as int)) as TotalSalary
from Employees
left join Department
on Employees.DepartmentId = Department.Id
group by Location --ühe kuu palgafond linnade lõikes

alter table Employees
add City nvarchar(30)
select * from Employees
select * from Department

--näeme palkasid ja eristame linnades soo järgi
select City, Gender, sum(cast(Salary as int)) as TotalSalary 
from Employees group by City, Gender
--samasugune nagu eelmine päring, aga linnad paneb tähestikulises järjekorras
select City, Gender, sum(cast(Salary as int)) as TotalSalary 
from Employees group by City, Gender
order by City

--mitu töötajat on soo ja linna kaupa selles firmas
select Gender , City, sum(cast(Salary as int)) as TotalSalary,
count (Id) as [Total Employee(s)]
from Employees
group by Gender, City

--loeb ära tabelis olevate ridade arvu (Employees)
select count(*) from Employees

-- kuvab ainult mehede linnade kaupa
select Gender , City, sum(cast(Salary as int)) as TotalSalary,
count (Id) as [Total Employee(s)]
from Employees
where Gender = 'Male'
group by Gender, City

--samasugune päring, aga kasutame having ning k]ik naised
select Gender , City, sum(cast(Salary as int)) as TotalSalary,
count (Id) as [Total Employee(s)]
from Employees
group by Gender, City
having Gender = 'Female'

-- k]ik, kes teenivad palka üle 4000, siin on viga sees
select * from Employees where sum(cast(Salary as int)) > 4000
-- korrektne päring
select * from Employees where Salary > 4000

--kasutame having, et teha samasugune päring
select Gender , City, sum(cast(Salary as int)) as TotalSalary,
count (Id) as [Total Employee(s)]
from Employees group by Gender, City
having sum(cast(Salary as int)) > 4000
-- see on vigane päring
select Gender , City, sum(cast(Salary as int)) as TotalSalary,
count (Id) as [Total Employee(s)]
from Employees group by Gender, City
having Salary > 4000

-- loome tabeli, milles hakatakse automaatselt Id-d nummerdama
create table Test1
(
Id int identity(1,1),
Value nvarchar(20)
)
--sisestan andmed ja Id nummerdatakse automaatselt
insert into Test1 values('X')
select * from Test1

-- kustutame veeru nimega City tabelist Employees
alter table Employees
drop column City

-- inner join 
-- kuvab neid, kellel on Departmentname all olemas väärtus
select Name, Gender, Salary, DepartmentName
from Employees
inner join Department
on Employees.DepartmentId = Department.Id

-- left join
-- kuidas saada kõik andmed Employees-t kätte saada
select Name, Gender, Salary, DepartmentName
from Employees
left join Department
on Employees.DepartmentId = Department.Id

-- right join 
-- kuidas saada DepartmentName alla uus nimetus e antud juhul Other Department
select Name, Gender, Salary, DepartmentName
from Employees
RIGHT JOIN Department --v]ib kasutada ka RIGHT OUTER JOIN-i
on Employees.DepartmentId = Department.Id

-- kuidas saada kõikide tabelite väärtused ühte päringusse
--outer join
select Name, Gender, Salary, DepartmentName
from Employees
full outer JOIN Department
on Employees.DepartmentId = Department.Id

-- cross join
select Name, Gender, Salary, DepartmentName
from Employees
cross join Department

-- päringu sisu
Select ColumnList
from LeftTable
joinType RightTable
on JoinCondition

--inner join
select Name, Gender, Salary, DepartmentName
from Employees
inner JOIN Department
on Employees.DepartmentId = Department.Id

-- kuidas kuvada ainult need isikud, kellel on DepartmentName NULL
--left joini kasutada
select Name, Gender, Salary, DepartmentName
from Employees
left join Department
on Employees.DepartmentId = Department.Id
where Employees.DepartmentId is null

-- teine variant
select Name, Gender, Salary, DepartmentName
from Employees
left join Department
on Employees.DepartmentId = Department.Id
where Department.Id is null

--- kuidas saame Department tabelis oleva rea, kus on NULL
--right joini tuleb kasutada
select Name, Gender, Salary, DepartmentName
from Employees
right join Department
on Employees.DepartmentId = Department.Id
where Employees.DepartmentId is null
or Department.Id is null

select * from Department

--saame muuta tabeli nimetust, alguses vana tabeli nimi ja siis uus soovitud
sp_rename 'Department1' , 'Department'

--kasutame Employees tabeli asemel muutujat E ja M
select E.Name as Employee, M.Name as Manager
from Employees E
left join Employees M
on E.ManagerId = M.Id

alter table Employees
add ManagerId int


--inner join
-- kuvab ainult ManagerId all olevate isikute väärtuseid
select E.Name as employee, M.Name as Manager
from Employees E
inner join Employees M
on E.ManagerId = M.Id

-- kõik saavad kõikide ülemused olla
select E.Name as employee, M.Name as Manager
from Employees E
cross join Employees M

--rida 411
--- 4tund 14.03.2025

select isnull('Asd', 'No manager') as Manager

-- NULL asemel kuvab No manager
select coalesce(NULL, 'No Manager') as Manager

-- kui Expression on õige, siis päneb väärtuse,
-- mida soovid või mõne teise väärtuse
case when Expression Then '' else '' end

-- neil kellel ei ole ülemust, siis paneb neile No Manager teksti
select E.Name as Employees, isnull(M.Name, 'No Manager') as Manager
from Employees E
left join Employees M
on E.ManagerId = M.Id

--- teeme p'ringu, kus kasutame case-i
select E.Name as Employee, case when M.Name is null then 'No Manager'
else M.Name end as Manager
from Employees E
left join Employees M
on E.ManagerId = M.Id

-- lisame tabelisse uued veerud
alter table Employees
add MiddleName nvarchar(30)
alter table Employees
add LastName nvarchar(30)

select * from Employees

-- muudame veru nime
sp_rename 'Employees.Name', 'FirstName'

-- muudame ja lisame andmeid
update Employees
set FirstName = 'Tom', MiddleName = 'Nick', LastName = 'Jones'
where Id = 1

update Employees
set FirstName = 'Pam', MiddleName = NULL, LastName = 'Anderson'
where Id = 2

update Employees
set FirstName = 'John', MiddleName = NULL, LastName = NULL
where Id = 3

update Employees
set FirstName = 'Sam', MiddleName = NULL, LastName = 'Smith'
where Id = 4

update Employees
set FirstName = NULL, MiddleName = 'Todd', LastName = 'Someone'
where Id = 5

update Employees
set FirstName = 'Ben', MiddleName = 'Ten', LastName = 'Sven'
where Id = 6

update Employees
set FirstName = 'Sara', MiddleName = NULL, LastName = 'Connor'
where Id = 7

update Employees
set FirstName = 'Valarie', MiddleName = 'Balerine', LastName = NULL
where Id = 8

update Employees
set FirstName = 'James', MiddleName = '007', LastName = 'Bond'
where Id = 9

update Employees
set FirstName = NULL, MiddleName = NULL, LastName = 'Crowe'
where Id = 10

select * from Employees

---igast reast võtab esimesena täidetud lahtri ja kuvab ainult seda
select Id, coalesce(FirstName, MiddleName, LastName) as Name
from Employees

--loome kaks tabelit
create table IndianCustomers
(
Id int identity(1,1),
Name nvarchar(25),
Email nvarchar(25)
)

create table UKCustomers
(
Id int identity(1,1),
Name nvarchar(25),
Email nvarchar(25)
)

--sisestame tabelisse andmeid
insert into IndianCustomers (Name, Email)
values ('Raj', 'R@R.com'),
('Sam', 'S@S.com')

insert into UKCustomers (Name, Email)
values ('Ben', 'B@B.com'),
('Sam', 'S@S.com')

select * from IndianCustomers
select * from UKCustomers

-- kasutame union all, näitab kõiki ridu
select Id, Name, Email from IndianCustomers
union all
select Id, Name, Email from UKCustomers

-- korduvate väärtustega read pannakse ühte ja ei korrata
select Id, Name, Email from IndianCustomers
union
select Id, Name, Email from UKCustomers

--- kuidas tulemust sorteerida nime järgi ja kasutada union all-i
select Id, Name, Email from IndianCustomers
union all
select Id, Name, Email from UKCustomers
order by Name

--- stored procedure
create procedure spGetEmployees
as begin
	select FirstName, Gender from Employees
end

-- nüüd saab kasutada selle nimelist sp-d
spGetEmployees
exec spGetEmployees
execute spGetEmployees

select * from Employees

create proc spGetEmployeesByGenderAndDepartment
@Gender nvarchar(20),
@DepartmentId int
as begin
	select FirstName, Gender, DepartmentId from Employees where Gender = @Gender
	and DepartmentId = @DepartmentId
end

--see käsklus nõuab, et antakse Gender parameeter
spGetEmployeesByGenderAndDepartment
-- õige variant
spGetEmployeesByGenderAndDepartment 'Male', 1

--- niimoodi saab j'rjekorda muuta päringul, kui ise paned muutuja paika
spGetEmployeesByGenderAndDepartment @DepartmentId = 1, @Gender = 'Male'

-- soov vaadata sp sisu
sp_helptext spGetEmployeesByGenderAndDepartment

--- 5tund 17.03.2025

--- kuidas muuta sp-d ja pane krüpteeringu peale, et keegi teine peale teid ei saaks muuta
alter proc spGetEmployeesByGenderAndDepartment
@Gender nvarchar(20),
@DepartmentId int
with encryption --krüpteerimine
as begin
	select FirstName, Gender, DepartmentId from Employees where Gender = @Gender
	and DepartmentId = @DepartmentId
end

sp_helptext spGetEmployeesByGenderAndDepartment

-- sp tegemine
create proc spGetEmployeeCountByGender
@Gender nvarchar(20),
@EmployeeCount int output
as begin
	select @EmployeeCount = count(Id) from Employees where Gender = @Gender
end

-- annab tulemuse, kus loendab ära nõuetele vastavad read
-- prindib tulemuse konsooli
declare @TotalCount int
execute spGetEmployeeCountByGender 'Female', @TotalCount out
if(@TotalCount = 0)
	print 'TotalCount is null'
else
	print '@Total is not null'
print @TotalCount

-- näitab ära, et mitu rid vastab nõuetele
declare @TotalCount int
execute spGetEmployeeCountByGender @EmployeeCount = @TotalCount out, @Gender = 'Male'
print @TotalCount

-- sp sisu vaatamine
sp_help spGetEmployeeCountByGender
-- tabeli info
sp_help Employees
-- kui soovid sp tektsi näha
sp_helptext spGetEmployeeCountByGender

-- vaatame , millest see sp sõltub
sp_depends spGetEmployeeCountByGender
-- vaatame tabelit
sp_depends Employees


--
create proc spGetnameById
@Id int,
@Name nvarchar(20) output
as begin
	select @Id = Id, @Name = FirstName from Employees
end

select * from Employees
declare @FirstName nvarchar(50)
execute spGetnameById 2, @FirstName output
print 'Name of the employee = ' + @FirstName

-- mis id all on keegi nime j'rgi
create proc spGetNameById1
@Id int,
@FirstName nvarchar(50) output
as begin
	select @FirstName = FirstName from Employees where Id = @Id
end

declare @FirstName nvarchar(50)
execute spGetNameById1 4, @FirstName output
print 'Name of the employee = ' + @FirstName

sp_help spGetNameById1

---
create proc spGetNameById2
@Id int
as begin
	return (select FirstName from Employees where Id = @Id)
end

-- tuleb veateade kuna kutsusime välja int-i, aga Tom on string
declare @FirstName nvarchar(50)
execute @FirstName = spGetNameById2 1
print 'Name of the employee = ' + @FirstName
--

--- sisseehitatud string funktsioonid
-- see konverteerib ASCII tähe väärtuse numbriks
select ascii('a')
-- kuvab A-tähe
select char (66)

--prindime kogu tähestiku välja
declare @Start int
set @Start = 97
while (@Start <= 122)
begin
	select char (@Start)
	set @Start = @Start + 1
end

-- eemaldame tühjad kohad sulgudes
select ltrim('        Hello')

-- tühikute eemaldamine veerust
select ltrim(FirstName) as FirstName, MiddleName, LastName from Employees

select * from Employees

--paremalt poolt tühjad stringid lõikab ära
select rtrim('      Hello          ')

--keerab kooloni sees olevad andmed vastupidiseks
-- vastavalt upper ja lower-ga saan muuta märkide suurust
-- reverse funktsioon pöörab kõik ümber
select REVERSE(UPPER(ltrim(FirstName))) as FirstName, MiddleName, lower(LastName),
rtrim(ltrim(FirstName)) + ' ' + MiddleName + ' ' + LastName as FullName
from Employees

--näeb, mitu tähte on sõnal ja loeb tühikud sisse
select FirstName, len(FirstName) as [Total Characters] from Employees

--- näeb, mitu tähte on sõnal ja ei loe tyhikuid sisse
select FirstName, len(ltrim(FirstName)) as [Total Characters] from Employees

-- left, right ja substring
--- vasakult poolt neli esimest tähte
select left('ABCDEF', 4)
-- paremalt poolt kolm tähte
select right('ABCDEF', 3)

--kuvab @-tähemärgi asetust e mitmes on @ märk
select charindex('@', 'sara@aaa.com')

--- esimene nr peale komakohta näitab, et mitmendast alustab ja siis mitu nr peale
-- seda kuvada
select SUBSTRING('pam@btbb.com', 5, 2)

--- @-märgist kuvab kolm tähemärki. Viimase numriga saab määrata pikkust
select substring('pam@bb.com', charindex('@', 'pam@bb.com') + 1, 3)

--- peale @-märki reguleerin tähemärkide pikkuse näitamist
select substring('pam@bb.com', charindex('@', 'pam@bb.com') + 1, 
len('pam@bb.com') - CHARINDEX('@', 'pam@bb.com'))

select * from Employees

-- vaja teha uus veerg nimega Email, nvarchar (20)
alter table Employees
add Email nvarchar(20)

update Employees set Email = 'Tom@aaa.com' where Id = 1
update Employees set Email = 'Pam@bbb.com' where Id = 2
update Employees set Email = 'John@aaa.com' where Id = 3
update Employees set Email = 'Sam@bbb.com' where Id = 4
update Employees set Email = 'Todd@bbb.com' where Id = 5
update Employees set Email = 'Ben@ccc.com' where Id = 6
update Employees set Email = 'Sara@ccc.com' where Id = 7
update Employees set Email = 'Valarie@aaa.com' where Id = 8
update Employees set Email = 'James@bbb.com' where Id = 9
update Employees set Email = 'Russel@bbb.com' where Id = 10

select * from Employees

--- lisame *-märgi alates teatud kohast
select FirstName, LastName,
	substring(Email, 1, 2) + REPLICATE('*', 5) + --peale teist tähemärki paneb viis tärni
	SUBSTRING(Email, CHARINDEX('@', Email), len(Email) - charindex('@', Email)+1) as Email
from Employees

--- kolm korda näitab stringis olevat väärtust
select replicate(FirstName, 3)
from Employees

select replicate('asd', 3)

-- kuidas sisestada tyhikut kahe nime vahele
select space(5)

--Employees tabelist teed päringu kahe nime osas (FirstName ja LastName)
--kahe nime vahel on 25 tühikut
select FirstName + space(25) + LastName as FullName
from Employees

-- rida 782
---- 6 tund

--PATINDEX
--sama, mis charIndex, aga dünaamilisem ja saab kasutada wildcardi
select Email, PATINDEX('%@aaa.com',Email) as FirstOccurence
from Employees
where PATINDEX('%@aaa.com',Email) > 0 --leian kõik selle domeeni esindajad ja 
--alates mitmendast märgist algab @

--kõik .com-d asendatakse .net-ga
select Email, REPLACE(Email, '.com','.net') as ConvertedEmail
from Employees
--soovin asendada pealé esimest märki kolm tähte viie tärniga
select FirstName, LastName, Email,
stuff(Email, 2, 3,'*****') as StuffedEmail
from Employeesõ

---ajatüübid
create table DateTime
(
c_time time,
c_date date,
c_smalldatetime smalldatetime,
c_datetime datetime,
c_datetime2 datetime2,
c_datetimeoffset datetimeoffset
)

select* from DateTime

--- masina kellaaja teada saamine

 select GETDATE(), 'GETDATE()'

 insert into DateTime
 values (getdate(), getdate(), getdate(), getdate(), getdate(), getdate())

 select * from DateTime

 update DateTime set c_datetimeoffset =  '2025-04-08 10:59:29.1933333 + 10:00'
 where c_datetimeoffset = '2025-03-24 09:04:53.5733333 +00:00'
 
 select CURRENT_TIMESTAMP, 'CURRENT_TIMESTAMP'
 SELECT SYSDATETIME()
 select SYSDATETIMEOFFSET()
 select GETUTCDATE()
 

 select ISDATE('asd')
 select ISDATE(GETDATE())
 SELECT ISDATE('2025-03-24 09:04:53.5733333')
 SELECT ISDATE('2025-03-24 09:04:53.573')
 select day(getdate())
 select day('01/31/2017')
 select month(getdate())

 select month('01/31/2017')

 select year(GETDATE())

 select year('01/31/2017')

 select DATENAME(day, '2025-03-24 09:19:01.149')


 select DATENAME(WEEKDAY, '2025-03-24 09:19:01.149')
 select datename(month , '2025-03-24 09:19:01.149')
 select datename(YEAR , '2025-03-24 09:19:01.149'

 create table EmployeewithDates
 (
 Id nvarchar(2),
 Name nvarchar(20),
 DateOfBirth datetime
 )

INSERT INTO EmployeeWithdates (Id, Name, DateOfBirth)
VALUES (1,'Sam', '1980-12-30 00:00:00.00');
INSERT INTO EmployeewithDates (Id, Name, DateOfBirth)
VALUES (2,'Pam', '1982-09-01 12:02:36.260');
INSERT INTO EmployeewithDates (Id, Name, DateOfBirth)
VALUES (3,'John', '1985-08-22 12:03:30.370');
INSERT INTO EmployeewithDates (Id, Name, DateOfBirth)
VALUES (4,'Sara', '1979-11-29 12:59:30.670');

---kuidas võtta ühest veerust andmeid ja selle abil luua uue veerud
select Name, DateOfBirth, DATENAME(weekday, DateOfBirth) as [Day], 
--vaatab DoB veerust kp-d ja kuvab kuu nr
MONTH(DateOfBirth) as MonthNumber, 
--vaatab Dob veerust kuud ja kuvab sõnana
DateName(Month, DateOfBirth) as [MonthName],
---võtab Dob veerust aasta
YEAR (DateOfBirth) as [Year]
from EmployeewithDates
select DATEPART(WEEKDAY, '2025-12-30 01:56:00.00')
select DATEPART(MONTH, '2025-12-30 01:56:00.00')
select DATEADD(DAY, 20, '2025-12-30 01:56:00.00')
select DATEADD(DAY, -20, '2025-12-30 01:56:00.00')
select DATEDIFF(MONTH, '11/30/2024', '03/24/2025')
select DATEDIFF(YEAR, '11/30/1943', '03/24/2025')
--funktsiooni tegemine
create function fnComputerAge(@DOB datetime)
returns nvarchar(50)
as begin
declare @tempdate datetime, @years int, @months int, @days int
select @tempdate = @DOB
select @years = DATEDIFF(year, @tempdate, GETDATE()) - case when (month(@DOB) >MONTH(getdate())) or (MONTH(@DOB)
= month (getdate()) and day(@DOB) > DAY(getdate())) then 1 else 0 end
select @tempdate = DATEADD(year, @years,@tempdate)

select @months = datediff(month, @tempdate,getdate()) - case when day(@DOB) > day(getdate()) then 1 else 0 end
select @tempdate = dateadd(MONTH, @months, @tempdate)

select @days = datediff(day,@tempdate,GETDATE())

declare @Age nvarchar(50)
set @Age = CAST(@years as nvarchar(4)) + 'Years' + cast(@months as nvarchar(2)) + 
' Months' + cast(@days as nvarchar(2)) + ' Dys old'

return @Age
end

--saame vaadata kasutajate vanust

select Id, Name, DateOfBirth, dbo.fnComputerAge(DateOfBirth) as Age from EmployeewithDates

---kui kasutame seda funktsiooni, siis saame  teada tänase päeva vahet stringis v'lja tooduga
select dbo.fnComputerAge('04/19/2008')
--nr peale DOB muutujat näitab, et mismoodi kuvada DOB-d
select id, Name, DateOfBirth,
convert(nvarchar, DateOfBirth, 126) as ConvertedDOB
from EmployeeWithDates

select Id,Name,Name + ' - ' + cast(Id as nvarchar) as [Name-Id]
from EmployeeWithDates
select cast(getdate() as date)
select convert(nvarchar,GETDATE(), 109)

---matemaatilised funktsioonid
select abs(-101.5) ---abs on absoluutne nr ja tulemuseks saame positiivse väärtuse
select CEILING(15.2)-- tagastab 16 ja suurendab suurema täisarvu poole
select CEILING(-15.2)
select floor(15.2)
select power(2,4)
select SQUARE(9)
select SQRT(81)
select floor(rand() *100)


--iga kord näitab 10 suvalist numbrit
declare @counter int
set @counter = 1
while (@counter <= 10)
begin
print floor(rand() * 1000)
set @counter = @counter + 1
end